"Condition.or.Strain","Position","Plate","Plate_Position"
"Empty","A1",1,"1_A1"
"Empty","B1",1,"1_B1"
"AllEleNew","C1",1,"1_C1"
"AllEleNew","D1",1,"1_D1"
"AllEleNew","E1",1,"1_E1"
"Empty","F1",1,"1_F1"
"Empty","G1",1,"1_G1"
"Empty","H1",1,"1_H1"
"Empty","A2",1,"1_A2"
"B_0","B2",1,"1_B2"
"B_0.01","C2",1,"1_C2"
"AllEle","D2",1,"1_D2"
"B_0.02","E2",1,"1_E2"
"B_0.05","F2",1,"1_F2"
"B_0.1","G2",1,"1_G2"
"Empty","H2",1,"1_H2"
"Empty","A3",1,"1_A3"
"B_0.2","B3",1,"1_B3"
"B_0.5","C3",1,"1_C3"
"B_2","D3",1,"1_D3"
"B_5","E3",1,"1_E3"
"B_10","F3",1,"1_F3"
"B_20","G3",1,"1_G3"
"Empty","H3",1,"1_H3"
"AllEleprepQC","A4",1,"1_A4"
"AllEle","B4",1,"1_B4"
"B_50","C4",1,"1_C4"
"B_100","D4",1,"1_D4"
"Ca_0","E4",1,"1_E4"
"Ca_0.01","F4",1,"1_F4"
"Ca_0.02","G4",1,"1_G4"
"Empty","H4",1,"1_H4"
"AllEleprepQC","A5",1,"1_A5"
"Ca_0.05","B5",1,"1_B5"
"Ca_0.1","C5",1,"1_C5"
"AllEle","D5",1,"1_D5"
"Ca_0.2","E5",1,"1_E5"
"Ca_0.5","F5",1,"1_F5"
"Ca_2","G5",1,"1_G5"
"Empty","H5",1,"1_H5"
"AllEleprepQC","A6",1,"1_A6"
"Ca_5","B6",1,"1_B6"
"Ca_10","C6",1,"1_C6"
"B_0","D6",1,"1_D6"
"B_0.01","E6",1,"1_E6"
"B_0.02","F6",1,"1_F6"
"AllEle","G6",1,"1_G6"
"Empty","H6",1,"1_H6"
"Empty","A7",1,"1_A7"
"B_0.05","B7",1,"1_B7"
"B_0.1","C7",1,"1_C7"
"B_0.2","D7",1,"1_D7"
"B_0.5","E7",1,"1_E7"
"B_2","F7",1,"1_F7"
"B_5","G7",1,"1_G7"
"Empty","H7",1,"1_H7"
"Empty","A8",1,"1_A8"
"AllEle","B8",1,"1_B8"
"B_10","C8",1,"1_C8"
"B_20","D8",1,"1_D8"
"B_50","E8",1,"1_E8"
"B_100","F8",1,"1_F8"
"Ca_0","G8",1,"1_G8"
"Empty","H8",1,"1_H8"
"Empty","A9",1,"1_A9"
"Ca_0.01","B9",1,"1_B9"
"Ca_0.02","C9",1,"1_C9"
"Ca_0.05","D9",1,"1_D9"
"Ca_0.1","E9",1,"1_E9"
"Ca_0.2","F9",1,"1_F9"
"Ca_0.5","G9",1,"1_G9"
"Empty","H9",1,"1_H9"
"Empty","A10",1,"1_A10"
"Ca_2","B10",1,"1_B10"
"Ca_5","C10",1,"1_C10"
"Ca_10","D10",1,"1_D10"
"B_0","E10",1,"1_E10"
"AllEle","F10",1,"1_F10"
"B_0.01","G10",1,"1_G10"
"Empty","H10",1,"1_H10"
"Empty","A11",1,"1_A11"
"B_0.02","B11",1,"1_B11"
"B_0.05","C11",1,"1_C11"
"B_0.1","D11",1,"1_D11"
"B_0.2","E11",1,"1_E11"
"B_0.5","F11",1,"1_F11"
"B_2","G11",1,"1_G11"
"Empty","H11",1,"1_H11"
"Empty","A12",1,"1_A12"
"Empty","B12",1,"1_B12"
"Empty","C12",1,"1_C12"
"Empty","D12",1,"1_D12"
"Empty","E12",1,"1_E12"
"Empty","F12",1,"1_F12"
"Empty","G12",1,"1_G12"
"Empty","H12",1,"1_H12"
"Empty","A1",2,"2_A1"
"Empty","B1",2,"2_B1"
"AllEleNew","C1",2,"2_C1"
"AllEleNew","D1",2,"2_D1"
"AllEleNew","E1",2,"2_E1"
"B_100","F1",2,"2_F1"
"Empty","G1",2,"2_G1"
"Empty","H1",2,"2_H1"
"Empty","A2",2,"2_A2"
"B_5","B2",2,"2_B2"
"B_10","C2",2,"2_C2"
"AllEle","D2",2,"2_D2"
"B_20","E2",2,"2_E2"
"B_50","F2",2,"2_F2"
"Cu_0","G2",2,"2_G2"
"Empty","H2",2,"2_H2"
"Empty","A3",2,"2_A3"
"Cu_0.01","B3",2,"2_B3"
"Cu_0.02","C3",2,"2_C3"
"Cu_0.05","D3",2,"2_D3"
"Cu_0.1","E3",2,"2_E3"
"Cu_0.2","F3",2,"2_F3"
"Cu_0.5","G3",2,"2_G3"
"Empty","H3",2,"2_H3"
"AllEleprepQC","A4",2,"2_A4"
"AllEle","B4",2,"2_B4"
"Cu_2","C4",2,"2_C4"
"Cu_5","D4",2,"2_D4"
"Cu_10","E4",2,"2_E4"
"Cu_20","F4",2,"2_F4"
"Cu_50","G4",2,"2_G4"
"Empty","H4",2,"2_H4"
"AllEleprepQC","A5",2,"2_A5"
"Cu_100","B5",2,"2_B5"
"Fe_0","C5",2,"2_C5"
"AllEle","D5",2,"2_D5"
"Fe_0.01","E5",2,"2_E5"
"Fe_0.02","F5",2,"2_F5"
"Fe_0.05","G5",2,"2_G5"
"Empty","H5",2,"2_H5"
"AllEleprepQC","A6",2,"2_A6"
"Fe_0.1","B6",2,"2_B6"
"Fe_0.2","C6",2,"2_C6"
"Fe_0.5","D6",2,"2_D6"
"Fe_2","E6",2,"2_E6"
"Fe_5","F6",2,"2_F6"
"AllEle","G6",2,"2_G6"
"Empty","H6",2,"2_H6"
"Empty","A7",2,"2_A7"
"Fe_10","B7",2,"2_B7"
"Fe_20","C7",2,"2_C7"
"Fe_50","D7",2,"2_D7"
"Cu_0","E7",2,"2_E7"
"Cu_0.01","F7",2,"2_F7"
"Cu_0.02","G7",2,"2_G7"
"Empty","H7",2,"2_H7"
"Empty","A8",2,"2_A8"
"AllEle","B8",2,"2_B8"
"Cu_0.05","C8",2,"2_C8"
"Cu_0.1","D8",2,"2_D8"
"Cu_0.2","E8",2,"2_E8"
"Cu_0.5","F8",2,"2_F8"
"Cu_2","G8",2,"2_G8"
"Empty","H8",2,"2_H8"
"Empty","A9",2,"2_A9"
"Cu_5","B9",2,"2_B9"
"Cu_10","C9",2,"2_C9"
"Cu_20","D9",2,"2_D9"
"Cu_50","E9",2,"2_E9"
"Cu_100","F9",2,"2_F9"
"Fe_0","G9",2,"2_G9"
"Empty","H9",2,"2_H9"
"Empty","A10",2,"2_A10"
"Fe_0.01","B10",2,"2_B10"
"Fe_0.02","C10",2,"2_C10"
"Fe_0.05","D10",2,"2_D10"
"Fe_0.1","E10",2,"2_E10"
"AllEle","F10",2,"2_F10"
"Fe_0.2","G10",2,"2_G10"
"Empty","H10",2,"2_H10"
"Empty","A11",2,"2_A11"
"Fe_0.5","B11",2,"2_B11"
"Fe_2","C11",2,"2_C11"
"Fe_5","D11",2,"2_D11"
"Fe_10","E11",2,"2_E11"
"Fe_20","F11",2,"2_F11"
"Fe_50","G11",2,"2_G11"
"Empty","H11",2,"2_H11"
"Empty","A12",2,"2_A12"
"Empty","B12",2,"2_B12"
"Empty","C12",2,"2_C12"
"Empty","D12",2,"2_D12"
"Empty","E12",2,"2_E12"
"Empty","F12",2,"2_F12"
"Empty","G12",2,"2_G12"
"Empty","H12",2,"2_H12"
"Empty","A1",3,"3_A1"
"Empty","B1",3,"3_B1"
"AllEleNew","C1",3,"3_C1"
"AllEleNew","D1",3,"3_D1"
"AllEleNew","E1",3,"3_E1"
"Empty","F1",3,"3_F1"
"Empty","G1",3,"3_G1"
"Empty","H1",3,"3_H1"
"Empty","A2",3,"3_A2"
"Cu_0","B2",3,"3_B2"
"Cu_0.01","C2",3,"3_C2"
"AllEle","D2",3,"3_D2"
"Cu_0.02","E2",3,"3_E2"
"Cu_0.05","F2",3,"3_F2"
"Cu_0.1","G2",3,"3_G2"
"Empty","H2",3,"3_H2"
"Empty","A3",3,"3_A3"
"Cu_0.2","B3",3,"3_B3"
"Cu_0.5","C3",3,"3_C3"
"Cu_2","D3",3,"3_D3"
"Cu_5","E3",3,"3_E3"
"Cu_10","F3",3,"3_F3"
"Cu_20","G3",3,"3_G3"
"Empty","H3",3,"3_H3"
"AllEleprepQC","A4",3,"3_A4"
"AllEle","B4",3,"3_B4"
"Cu_50","C4",3,"3_C4"
"Cu_100","D4",3,"3_D4"
"Fe_0","E4",3,"3_E4"
"Fe_0.01","F4",3,"3_F4"
"Fe_0.02","G4",3,"3_G4"
"Empty","H4",3,"3_H4"
"AllEleprepQC","A5",3,"3_A5"
"Fe_0.05","B5",3,"3_B5"
"Fe_0.2","C5",3,"3_C5"
"AllEle","D5",3,"3_D5"
"Fe_0.1","E5",3,"3_E5"
"Fe_0.5","F5",3,"3_F5"
"Fe_2","G5",3,"3_G5"
"Empty","H5",3,"3_H5"
"AllEleprepQC","A6",3,"3_A6"
"Fe_5","B6",3,"3_B6"
"Fe_10","C6",3,"3_C6"
"Fe_20","D6",3,"3_D6"
"Fe_50","E6",3,"3_E6"
"Mn_0","F6",3,"3_F6"
"AllEle","G6",3,"3_G6"
"Empty","H6",3,"3_H6"
"Empty","A7",3,"3_A7"
"Mn_0.01","B7",3,"3_B7"
"Mn_0.02","C7",3,"3_C7"
"Mn_0.05","D7",3,"3_D7"
"Mn_0.1","E7",3,"3_E7"
"Mn_0.2","F7",3,"3_F7"
"Mn_0.5","G7",3,"3_G7"
"Empty","H7",3,"3_H7"
"Empty","A8",3,"3_A8"
"AllEle","B8",3,"3_B8"
"Mn_2","C8",3,"3_C8"
"Mn_5","D8",3,"3_D8"
"Mn_10","E8",3,"3_E8"
"Mn_20","F8",3,"3_F8"
"Mn_50","G8",3,"3_G8"
"Empty","H8",3,"3_H8"
"Empty","A9",3,"3_A9"
"Mn_100","B9",3,"3_B9"
"Empty","C9",3,"3_C9"
"Empty","D9",3,"3_D9"
"Empty","E9",3,"3_E9"
"Empty","F9",3,"3_F9"
"Empty","G9",3,"3_G9"
"Empty","H9",3,"3_H9"
"Empty","A10",3,"3_A10"
"Empty","B10",3,"3_B10"
"Empty","C10",3,"3_C10"
"Empty","D10",3,"3_D10"
"Empty","E10",3,"3_E10"
"AllEle","F10",3,"3_F10"
"Empty","G10",3,"3_G10"
"Empty","H10",3,"3_H10"
"Empty","A11",3,"3_A11"
"Empty","B11",3,"3_B11"
"Empty","C11",3,"3_C11"
"Empty","D11",3,"3_D11"
"Empty","E11",3,"3_E11"
"Empty","F11",3,"3_F11"
"Empty","G11",3,"3_G11"
"Empty","H11",3,"3_H11"
"Empty","A12",3,"3_A12"
"Empty","B12",3,"3_B12"
"Empty","C12",3,"3_C12"
"Empty","D12",3,"3_D12"
"Empty","E12",3,"3_E12"
"Empty","F12",3,"3_F12"
"Empty","G12",3,"3_G12"
"Empty","H12",3,"3_H12"
"Empty","A1",4,"4_A1"
"Empty","B1",4,"4_B1"
"Empty","C1",4,"4_C1"
"AllEleNew","D1",4,"4_D1"
"AllEleNew","E1",4,"4_E1"
"AllEleNew","F1",4,"4_F1"
"Empty","G1",4,"4_G1"
"Empty","H1",4,"4_H1"
"Empty","A2",4,"4_A2"
"Mn_0.05","B2",4,"4_B2"
"Mn_0.1","C2",4,"4_C2"
"AllEle","D2",4,"4_D2"
"Mn_0.2","E2",4,"4_E2"
"Mn_0.5","F2",4,"4_F2"
"Mn_2","G2",4,"4_G2"
"Empty","H2",4,"4_H2"
"Empty","A3",4,"4_A3"
"Mn_5","B3",4,"4_B3"
"Mn_10","C3",4,"4_C3"
"Mn_20","D3",4,"4_D3"
"Mn_50","E3",4,"4_E3"
"Mn_100","F3",4,"4_F3"
"Mo_0","G3",4,"4_G3"
"Empty","H3",4,"4_H3"
"AllEleprepQC","A4",4,"4_A4"
"Mo_0.01","B4",4,"4_B4"
"Mo_0.02","C4",4,"4_C4"
"Mo_0.05","D4",4,"4_D4"
"Mo_0.1","E4",4,"4_E4"
"Mo_0.2","F4",4,"4_F4"
"Mo_0.5","G4",4,"4_G4"
"Empty","H4",4,"4_H4"
"AllEleprepQC","A5",4,"4_A5"
"Mo_2","B5",4,"4_B5"
"Mo_5","C5",4,"4_C5"
"AllEle","D5",4,"4_D5"
"Mo_10","E5",4,"4_E5"
"Mo_20","F5",4,"4_F5"
"Empty","G5",4,"4_G5"
"Empty","H5",4,"4_H5"
"AllEleprepQC","A6",4,"4_A6"
"Empty","B6",4,"4_B6"
"Mn_0","C6",4,"4_C6"
"Mn_0.01","D6",4,"4_D6"
"Mn_0.02","E6",4,"4_E6"
"Mn_0.05","F6",4,"4_F6"
"AllEle","G6",4,"4_G6"
"Empty","H6",4,"4_H6"
"Empty","A7",4,"4_A7"
"Mn_0.1","B7",4,"4_B7"
"Mn_0.2","C7",4,"4_C7"
"Mn_0.5","D7",4,"4_D7"
"Mn_2","E7",4,"4_E7"
"Mn_5","F7",4,"4_F7"
"Mn_10","G7",4,"4_G7"
"Empty","H7",4,"4_H7"
"Empty","A8",4,"4_A8"
"AllEle","B8",4,"4_B8"
"Mn_20","C8",4,"4_C8"
"Mn_50","D8",4,"4_D8"
"Mn_100","E8",4,"4_E8"
"Mo_0","F8",4,"4_F8"
"Mo_0.01","G8",4,"4_G8"
"Empty","H8",4,"4_H8"
"Empty","A9",4,"4_A9"
"Mo_0.02","B9",4,"4_B9"
"Mo_0.05","C9",4,"4_C9"
"Mo_0.1","D9",4,"4_D9"
"Mo_0.2","E9",4,"4_E9"
"Mo_0.5","F9",4,"4_F9"
"Mo_2","G9",4,"4_G9"
"Empty","H9",4,"4_H9"
"Empty","A10",4,"4_A10"
"Mo_5","B10",4,"4_B10"
"Mo_10","C10",4,"4_C10"
"Mo_20","D10",4,"4_D10"
"Empty","E10",4,"4_E10"
"AllEle","F10",4,"4_F10"
"Empty","G10",4,"4_G10"
"Empty","H10",4,"4_H10"
"Empty","A11",4,"4_A11"
"Na_0","B11",4,"4_B11"
"Na_0.01","C11",4,"4_C11"
"Na_0.02","D11",4,"4_D11"
"Na_0.05","E11",4,"4_E11"
"Na_0.1","F11",4,"4_F11"
"Na_0.2","G11",4,"4_G11"
"Empty","H11",4,"4_H11"
"Empty","A12",4,"4_A12"
"Empty","B12",4,"4_B12"
"Empty","C12",4,"4_C12"
"Empty","D12",4,"4_D12"
"Empty","E12",4,"4_E12"
"Empty","F12",4,"4_F12"
"Empty","G12",4,"4_G12"
"Empty","H12",4,"4_H12"
"Empty","A1",5,"5_A1"
"Empty","B1",5,"5_B1"
"AllEleNew","C1",5,"5_C1"
"AllEleNew","D1",5,"5_D1"
"AllEleNew","E1",5,"5_E1"
"Empty","F1",5,"5_F1"
"Empty","G1",5,"5_G1"
"Empty","H1",5,"5_H1"
"Empty","A2",5,"5_A2"
"Na_0.5","B2",5,"5_B2"
"Na_2","C2",5,"5_C2"
"AllEle","D2",5,"5_D2"
"Na_5","E2",5,"5_E2"
"Na_10","F2",5,"5_F2"
"Na_20","G2",5,"5_G2"
"Empty","H2",5,"5_H2"
"Empty","A3",5,"5_A3"
"Na_50","B3",5,"5_B3"
"Na_100","C3",5,"5_C3"
"Zn_2","D3",5,"5_D3"
"Zn_5","E3",5,"5_E3"
"Zn_10","F3",5,"5_F3"
"Zn_20","G3",5,"5_G3"
"Empty","H3",5,"5_H3"
"AllEleprepQC","A4",5,"5_A4"
"AllEle","B4",5,"5_B4"
"Zn_50","C4",5,"5_C4"
"Zn_100","D4",5,"5_D4"
"Ca_0","E4",5,"5_E4"
"Ca_0.01","F4",5,"5_F4"
"Ca_0.02","G4",5,"5_G4"
"Empty","H4",5,"5_H4"
"AllEleprepQC","A5",5,"5_A5"
"Ca_0.05","B5",5,"5_B5"
"Ca_0.1","C5",5,"5_C5"
"AllEle","D5",5,"5_D5"
"Ca_0.2","E5",5,"5_E5"
"Ca_0.5","F5",5,"5_F5"
"Ca_2","G5",5,"5_G5"
"Empty","H5",5,"5_H5"
"AllEleprepQC","A6",5,"5_A6"
"Ca_5","B6",5,"5_B6"
"Ca_10","C6",5,"5_C6"
"Na_0","D6",5,"5_D6"
"Na_0.01","E6",5,"5_E6"
"Na_0.02","F6",5,"5_F6"
"AllEle","G6",5,"5_G6"
"Empty","H6",5,"5_H6"
"Empty","A7",5,"5_A7"
"Na_0.05","B7",5,"5_B7"
"Na_0.1","C7",5,"5_C7"
"Na_0.2","D7",5,"5_D7"
"Na_0.5","E7",5,"5_E7"
"Na_2","F7",5,"5_F7"
"Na_5","G7",5,"5_G7"
"Empty","H7",5,"5_H7"
"Empty","A8",5,"5_A8"
"AllEle","B8",5,"5_B8"
"Na_10","C8",5,"5_C8"
"Na_20","D8",5,"5_D8"
"Na_50","E8",5,"5_E8"
"Na_100","F8",5,"5_F8"
"Zn_2","G8",5,"5_G8"
"Empty","H8",5,"5_H8"
"Empty","A9",5,"5_A9"
"Zn_5","B9",5,"5_B9"
"Zn_10","C9",5,"5_C9"
"Zn_20","D9",5,"5_D9"
"Zn_50","E9",5,"5_E9"
"Zn_100","F9",5,"5_F9"
"Empty","G9",5,"5_G9"
"Empty","H9",5,"5_H9"
"Empty","A10",5,"5_A10"
"Empty","B10",5,"5_B10"
"Empty","C10",5,"5_C10"
"Empty","D10",5,"5_D10"
"Empty","E10",5,"5_E10"
"AllEle","F10",5,"5_F10"
"Empty","G10",5,"5_G10"
"Empty","H10",5,"5_H10"
"Empty","A11",5,"5_A11"
"Empty","B11",5,"5_B11"
"Empty","C11",5,"5_C11"
"Empty","D11",5,"5_D11"
"Empty","E11",5,"5_E11"
"Empty","F11",5,"5_F11"
"Empty","G11",5,"5_G11"
"Empty","H11",5,"5_H11"
"Empty","A12",5,"5_A12"
"Empty","B12",5,"5_B12"
"Empty","C12",5,"5_C12"
"Empty","D12",5,"5_D12"
"Empty","E12",5,"5_E12"
"Empty","F12",5,"5_F12"
"Empty","G12",5,"5_G12"
"Empty","H12",5,"5_H12"
"Empty","A1",6,"6_A1"
"Empty","B1",6,"6_B1"
"AllEleNew","C1",6,"6_C1"
"AllEleNew","D1",6,"6_D1"
"AllEleNew","E1",6,"6_E1"
"Empty","F1",6,"6_F1"
"Empty","G1",6,"6_G1"
"Empty","H1",6,"6_H1"
"Empty","A2",6,"6_A2"
"Empty","B2",6,"6_B2"
"Empty","C2",6,"6_C2"
"AllEleNew","D2",6,"6_D2"
"Empty","E2",6,"6_E2"
"Empty","F2",6,"6_F2"
"Empty","G2",6,"6_G2"
"Empty","H2",6,"6_H2"
"Empty","A3",6,"6_A3"
"Empty","B3",6,"6_B3"
"Na_0","C3",6,"6_C3"
"Empty","D3",6,"6_D3"
"Na_0.02","E3",6,"6_E3"
"Na_0.05","F3",6,"6_F3"
"Empty","G3",6,"6_G3"
"Empty","H3",6,"6_H3"
"AllEleprepQC","A4",6,"6_A4"
"AllEleNew","B4",6,"6_B4"
"Na_0.1","C4",6,"6_C4"
"Na_0.2","D4",6,"6_D4"
"Na_0.5","E4",6,"6_E4"
"Na_2","F4",6,"6_F4"
"Na_50","G4",6,"6_G4"
"Empty","H4",6,"6_H4"
"AllEleprepQC","A5",6,"6_A5"
"Na_5","B5",6,"6_B5"
"Na_10","C5",6,"6_C5"
"AllEleNew","D5",6,"6_D5"
"Na_20","E5",6,"6_E5"
"Na_100","F5",6,"6_F5"
"Fe_0+BCS_100uM","G5",6,"6_G5"
"Empty","H5",6,"6_H5"
"AllEleprepQC","A6",6,"6_A6"
"Fe_0+BCS_200uM","B6",6,"6_B6"
"AllEle+DfP_10uM","C6",6,"6_C6"
"AllEle+DfP_50uM","D6",6,"6_D6"
"Fe_0+BCS_500uM","E6",6,"6_E6"
"Zn_2","F6",6,"6_F6"
"AllEleNew","G6",6,"6_G6"
"Empty","H6",6,"6_H6"
"Empty","A7",6,"6_A7"
"Zn_5","B7",6,"6_B7"
"Zn_10","C7",6,"6_C7"
"Zn_20","D7",6,"6_D7"
"Empty","E7",6,"6_E7"
"Empty","F7",6,"6_F7"
"Zn_50","G7",6,"6_G7"
"Empty","H7",6,"6_H7"
"Empty","A8",6,"6_A8"
"AllEleNew","B8",6,"6_B8"
"Empty","C8",6,"6_C8"
"Fe_0+BCS_100uM","D8",6,"6_D8"
"Fe_0+BCS_200uM","E8",6,"6_E8"
"Empty","F8",6,"6_F8"
"Empty","G8",6,"6_G8"
"Empty","H8",6,"6_H8"
"Empty","A9",6,"6_A9"
"Fe_0+BCS_500uM","B9",6,"6_B9"
"AllEle+DfP_10uM","C9",6,"6_C9"
"AllEle+DfP_50uM","D9",6,"6_D9"
"AllEle+DfP_100uM","E9",6,"6_E9"
"AllEle+DfP_150uM","F9",6,"6_F9"
"AllEle+DfP_250uM","G9",6,"6_G9"
"Empty","H9",6,"6_H9"
"Empty","A10",6,"6_A10"
"Empty","B10",6,"6_B10"
"Empty","C10",6,"6_C10"
"Na_0.05","D10",6,"6_D10"
"Na_0.1","E10",6,"6_E10"
"AllEleNew","F10",6,"6_F10"
"Na_0.2","G10",6,"6_G10"
"Empty","H10",6,"6_H10"
"Empty","A11",6,"6_A11"
"Empty","B11",6,"6_B11"
"Empty","C11",6,"6_C11"
"Empty","D11",6,"6_D11"
"Empty","E11",6,"6_E11"
"Empty","F11",6,"6_F11"
"Empty","G11",6,"6_G11"
"Empty","H11",6,"6_H11"
"Empty","A12",6,"6_A12"
"Empty","B12",6,"6_B12"
"Empty","C12",6,"6_C12"
"Empty","D12",6,"6_D12"
"AllEle+DfP_100uM","E12",6,"6_E12"
"AllEle+DfP_150uM","F12",6,"6_F12"
"AllEle+DfP_250uM","G12",6,"6_G12"
"Empty","H12",6,"6_H12"
"Empty","A1",7,"7_A1"
"Empty","B1",7,"7_B1"
"AllEleNew","C1",7,"7_C1"
"AllEleNew","D1",7,"7_D1"
"AllEleNew","E1",7,"7_E1"
"Mo_50","F1",7,"7_F1"
"Mo_100","G1",7,"7_G1"
"Empty","H1",7,"7_H1"
"Empty","A2",7,"7_A2"
"Zn_0.0002","B2",7,"7_B2"
"Zn_0.0001","C2",7,"7_C2"
"AllEle","D2",7,"7_D2"
"Zn_0.01","E2",7,"7_E2"
"Zn_0.02","F2",7,"7_F2"
"Zn_0.05","G2",7,"7_G2"
"Empty","H2",7,"7_H2"
"Empty","A3",7,"7_A3"
"Zn_0.1","B3",7,"7_B3"
"Zn_0.2","C3",7,"7_C3"
"Zn_0.5","D3",7,"7_D3"
"Zn_100","E3",7,"7_E3"
"K_0.1","F3",7,"7_F3"
"K_0.2","G3",7,"7_G3"
"Empty","H3",7,"7_H3"
"AllEleprepQC","A4",7,"7_A4"
"AllEle","B4",7,"7_B4"
"K_0.5","C4",7,"7_C4"
"K_2","D4",7,"7_D4"
"K_5","E4",7,"7_E4"
"K_10","F4",7,"7_F4"
"Zn_0.0002","G4",7,"7_G4"
"Empty","H4",7,"7_H4"
"AllEleprepQC","A5",7,"7_A5"
"Zn_0.0001","B5",7,"7_B5"
"Zn_0.01","C5",7,"7_C5"
"AllEle","D5",7,"7_D5"
"Zn_0.02","E5",7,"7_E5"
"Zn_0.05","F5",7,"7_F5"
"Zn_0.1","G5",7,"7_G5"
"Empty","H5",7,"7_H5"
"AllEleprepQC","A6",7,"7_A6"
"Zn_0.2","B6",7,"7_B6"
"Zn_0.5","C6",7,"7_C6"
"Empty","D6",7,"7_D6"
"K_0.1","E6",7,"7_E6"
"K_0.2","F6",7,"7_F6"
"AllEle","G6",7,"7_G6"
"Empty","H6",7,"7_H6"
"Empty","A7",7,"7_A7"
"K_0.5","B7",7,"7_B7"
"K_2","C7",7,"7_C7"
"K_5","D7",7,"7_D7"
"K_10","E7",7,"7_E7"
"Mg_0.05","F7",7,"7_F7"
"Mg_0.1","G7",7,"7_G7"
"Empty","H7",7,"7_H7"
"Empty","A8",7,"7_A8"
"AllEle","B8",7,"7_B8"
"Mg_0.2","C8",7,"7_C8"
"Mg_0.5","D8",7,"7_D8"
"Mg_2","E8",7,"7_E8"
"Mg_5","F8",7,"7_F8"
"Mg_10","G8",7,"7_G8"
"Empty","H8",7,"7_H8"
"Empty","A9",7,"7_A9"
"Mg_20","B9",7,"7_B9"
"Mg_50","C9",7,"7_C9"
"Fe_0+DiP_50uM","D9",7,"7_D9"
"Fe_0+DiP_100uM","E9",7,"7_E9"
"Fe_0+DiP_150uM","F9",7,"7_F9"
"Fe_0+DiP_200uM","G9",7,"7_G9"
"Fe_0+DiP_250uM","H9",7,"7_H9"
"Empty","A10",7,"7_A10"
"Mg_0.05","B10",7,"7_B10"
"Mg_0.1","C10",7,"7_C10"
"Mg_0.2","D10",7,"7_D10"
"Mg_0.5","E10",7,"7_E10"
"AllEle","F10",7,"7_F10"
"Mg_2","G10",7,"7_G10"
"Empty","H10",7,"7_H10"
"Empty","A11",7,"7_A11"
"Mg_5","B11",7,"7_B11"
"Mg_10","C11",7,"7_C11"
"Mg_20","D11",7,"7_D11"
"Mg_50","E11",7,"7_E11"
"Fe_0+DiP_50uM","F11",7,"7_F11"
"Fe_0+DiP_100uM","G11",7,"7_G11"
"Empty","H11",7,"7_H11"
"Empty","A12",7,"7_A12"
"Empty","B12",7,"7_B12"
"Empty","C12",7,"7_C12"
"Empty","D12",7,"7_D12"
"Mo_50","E12",7,"7_E12"
"Mo_100","F12",7,"7_F12"
"Empty","G12",7,"7_G12"
"Empty","H12",7,"7_H12"
"Empty","A1",8,"8_A1"
"Empty","B1",8,"8_B1"
"AllEleNew","C1",8,"8_C1"
"AllEleNew","D1",8,"8_D1"
"AllEleNew","E1",8,"8_E1"
"Empty","F1",8,"8_F1"
"Empty","G1",8,"8_G1"
"Empty","H1",8,"8_H1"
"Empty","A2",8,"8_A2"
"Fe_0+DiP_150uM","B2",8,"8_B2"
"Fe_0+DiP_200uM","C2",8,"8_C2"
"AllEle","D2",8,"8_D2"
"Fe_0+DiP_250uM","E2",8,"8_E2"
"Cu_0+DfP_100uM","F2",8,"8_F2"
"Cu_0+DfP_200uM","G2",8,"8_G2"
"Empty","H2",8,"8_H2"
"Empty","A3",8,"8_A3"
"Cu_0+DfP_300uM","B3",8,"8_B3"
"Cu_0+DfP_400uM","C3",8,"8_C3"
"Cu_0+DfP_500uM","D3",8,"8_D3"
"Fe_0+DfP_100uM","E3",8,"8_E3"
"Fe_0+DfP_200uM","F3",8,"8_F3"
"Fe_0+DfP_300uM","G3",8,"8_G3"
"Empty","H3",8,"8_H3"
"AllEleprepQC","A4",8,"8_A4"
"AllEle","B4",8,"8_B4"
"Fe_0+DfP_400uM","C4",8,"8_C4"
"Cu_0+NeC_500uM","D4",8,"8_D4"
"Cu_0+NeC_750uM","E4",8,"8_E4"
"Cu_0+NeC_1000uM","F4",8,"8_F4"
"Cu_0+NeC_2000uM","G4",8,"8_G4"
"Cu_0+DMSO","H4",8,"8_H4"
"AllEleprepQC","A5",8,"8_A5"
"Cu_0+BCS_100uM","B5",8,"8_B5"
"Cu_0+BCS_200uM","C5",8,"8_C5"
"AllEle","D5",8,"8_D5"
"Cu_0+BCS_300uM","E5",8,"8_E5"
"Cu_0+BCS_400uM","F5",8,"8_F5"
"Cu_0+BCS_500uM","G5",8,"8_G5"
"Empty","H5",8,"8_H5"
"AllEleprepQC","A6",8,"8_A6"
"Ca_0+EGTA_2.5mM","B6",8,"8_B6"
"Ca_0+EGTA_5mM","C6",8,"8_C6"
"Ca_0+EGTA_10mM","D6",8,"8_D6"
"Ca_0+EGTA_15mM","E6",8,"8_E6"
"Ca_0+EGTA_25mM","F6",8,"8_F6"
"AllEle","G6",8,"8_G6"
"Empty","H6",8,"8_H6"
"Empty","A7",8,"8_A7"
"Cu_0+DfP_100uM","B7",8,"8_B7"
"Cu_0+DfP_200uM","C7",8,"8_C7"
"Cu_0+DfP_300uM","D7",8,"8_D7"
"Cu_0+DfP_400uM","E7",8,"8_E7"
"Cu_0+DfP_500uM","F7",8,"8_F7"
"Fe_0+DfP_100uM","G7",8,"8_G7"
"Empty","H7",8,"8_H7"
"Cu_0+DMSO","A8",8,"8_A8"
"AllEle","B8",8,"8_B8"
"Fe_0+DfP_200uM","C8",8,"8_C8"
"Fe_0+DfP_300uM","D8",8,"8_D8"
"Fe_0+DfP_400uM","E8",8,"8_E8"
"Cu_0+NeC_500uM","F8",8,"8_F8"
"Cu_0+NeC_750uM","G8",8,"8_G8"
"Empty","H8",8,"8_H8"
"Empty","A9",8,"8_A9"
"Cu_0+NeC_1000uM","B9",8,"8_B9"
"Cu_0+NeC_2000uM","C9",8,"8_C9"
"Cu_0+BCS_100uM","D9",8,"8_D9"
"Cu_0+BCS_200uM","E9",8,"8_E9"
"Cu_0+BCS_300uM","F9",8,"8_F9"
"Cu_0+BCS_400uM","G9",8,"8_G9"
"Empty","H9",8,"8_H9"
"Empty","A10",8,"8_A10"
"Cu_0+BCS_500uM","B10",8,"8_B10"
"Ca_0+EGTA_2.5mM","C10",8,"8_C10"
"Ca_0+EGTA_5mM","D10",8,"8_D10"
"Ca_0+EGTA_10mM","E10",8,"8_E10"
"AllEle","F10",8,"8_F10"
"Ca_0+EGTA_15mM","G10",8,"8_G10"
"Empty","H10",8,"8_H10"
"Empty","A11",8,"8_A11"
"Ca_0+EGTA_25mM","B11",8,"8_B11"
"Cu_0+DMSO_1.28","C11",8,"8_C11"
"Cu_0+DMSO_1.29","D11",8,"8_D11"
"Cu_0+DMSO_1.30","E11",8,"8_E11"
"Cu_0+DMSO_1.31","F11",8,"8_F11"
"Cu_0+DMSO_1.32","G11",8,"8_G11"
"Empty","H11",8,"8_H11"
"Empty","A12",8,"8_A12"
"Empty","B12",8,"8_B12"
"Empty","C12",8,"8_C12"
"Empty","D12",8,"8_D12"
"Empty","E12",8,"8_E12"
"Empty","F12",8,"8_F12"
"Empty","G12",8,"8_G12"
"Empty","H12",8,"8_H12"
